date,close,days_since_halving
2017-08-17,4285.08,404
2017-08-18,4108.37,405
2017-08-19,4139.98,406
2017-08-20,4086.29,407
2017-08-21,4016.0,408
2017-08-22,4040.0,409
2017-08-23,4114.01,410
2017-08-24,4316.01,411
2017-08-25,4280.68,412
2017-08-26,4337.44,413
2017-08-27,4310.01,414
2017-08-28,4386.69,415
2017-08-29,4587.48,416
2017-08-30,4555.14,417
2017-08-31,4724.89,418
2017-09-01,4834.91,419
2017-09-02,4472.14,420
2017-09-03,4509.08,421
2017-09-04,4100.11,422
2017-09-05,4366.47,423
2017-09-06,4619.77,424
2017-09-07,4691.61,425
2017-09-08,4282.8,426
2017-09-09,4258.81,427
2017-09-10,4130.37,428
2017-09-11,4208.47,429
2017-09-12,4163.72,430
2017-09-13,3944.69,431
2017-09-14,3189.02,432
2017-09-15,3700.0,433
2017-09-16,3714.95,434
2017-09-17,3699.99,435
2017-09-18,4035.01,436
2017-09-19,3910.04,437
2017-09-20,3900.0,438
2017-09-21,3609.99,439
2017-09-22,3595.87,440
2017-09-23,3780.0,441
2017-09-24,3660.02,442
2017-09-25,3920.75,443
2017-09-26,3882.35,444
2017-09-27,4193.0,445
2017-09-28,4174.5,446
2017-09-29,4174.69,447
2017-09-30,4378.51,448
2017-10-01,4378.48,449
2017-10-02,4380.0,450
2017-10-03,4310.0,451
2017-10-04,4208.59,452
2017-10-05,4292.43,453
2017-10-06,4369.0,454
2017-10-07,4423.0,455
2017-10-08,4640.0,456
2017-10-09,4786.95,457
2017-10-10,4783.06,458
2017-10-11,4821.43,459
2017-10-12,5430.0,460
2017-10-13,5649.98,461
2017-10-14,5869.99,462
2017-10-15,5709.99,463
2017-10-16,5760.02,464
2017-10-17,5595.0,465
2017-10-18,5512.06,466
2017-10-19,5683.9,467
2017-10-20,6010.01,468
2017-10-21,6024.97,469
2017-10-22,5950.02,470
2017-10-23,5915.93,471
2017-10-24,5477.03,472
2017-10-25,5689.99,473
2017-10-26,5861.77,474
2017-10-27,5768.83,475
2017-10-28,5719.64,476
2017-10-29,6169.98,477
2017-10-30,6120.5,478
2017-10-31,6463.0,479
2017-11-01,6753.98,480
2017-11-02,7019.98,481
2017-11-03,7115.04,482
2017-11-04,7357.09,483
2017-11-05,7345.01,484
2017-11-06,6960.12,485
2017-11-07,7064.04,486
2017-11-08,7303.0,487
2017-11-09,7079.99,488
2017-11-10,6506.98,489
2017-11-11,6245.05,490
2017-11-12,5811.03,491
2017-11-13,6465.99,492
2017-11-14,6574.99,493
2017-11-15,7240.06,494
2017-11-16,7864.5,495
2017-11-17,7699.19,496
2017-11-18,7761.94,497
2017-11-19,8038.0,498
2017-11-20,8212.0,499
2017-11-21,8119.51,500
2017-11-22,8205.92,501
2017-11-23,8019.99,502
2017-11-24,8138.0,503
2017-11-25,8700.01,504
2017-11-26,9128.02,505
2017-11-27,9650.0,506
2017-11-28,9896.8,507
2017-11-29,9687.88,508
2017-11-30,9838.96,509
2017-12-01,10782.99,510
2017-12-02,10890.01,511
2017-12-03,11165.41,512
2017-12-04,11579.0,513
2017-12-05,11699.99,514
2017-12-06,13550.05,515
2017-12-07,16599.0,516
2017-12-08,15880.0,517
2017-12-09,14656.07,518
2017-12-10,14899.98,519
2017-12-11,16587.97,520
2017-12-12,16349.99,521
2017-12-13,16033.29,522
2017-12-14,16334.98,523
2017-12-15,17539.83,524
2017-12-16,19102.66,525
2017-12-17,18860.02,526
2017-12-18,18856.25,527
2017-12-19,17295.2,528
2017-12-20,16488.98,529
2017-12-21,15492.64,530
2017-12-22,13326.61,531
2017-12-23,13300.0,532
2017-12-24,13500.0,533
2017-12-25,13699.34,534
2017-12-26,15689.01,535
2017-12-27,15459.99,536
2017-12-28,14182.11,537
2017-12-29,14378.9,538
2017-12-30,12440.01,539
2017-12-31,13716.36,540
2018-01-01,13380.0,541
2018-01-02,14675.11,542
2018-01-03,14919.51,543
2018-01-04,15059.54,544
2018-01-05,16960.39,545
2018-01-06,17069.79,546
2018-01-07,16150.03,547
2018-01-08,14902.54,548
2018-01-09,14400.0,549
2018-01-10,14907.09,550
2018-01-11,13238.78,551
2018-01-12,13740.01,552
2018-01-13,14210.0,553
2018-01-14,13474.99,554
2018-01-15,13539.93,555
2018-01-16,10900.0,556
2018-01-17,10988.79,557
2018-01-18,10961.97,558
2018-01-19,11474.98,559
2018-01-20,12799.94,560
2018-01-21,11530.0,561
2018-01-22,10760.05,562
2018-01-23,10799.18,563
2018-01-24,11349.99,564
2018-01-25,11175.27,565
2018-01-26,11089.0,566
2018-01-27,11491.0,567
2018-01-28,11879.95,568
2018-01-29,11251.0,569
2018-01-30,10237.51,570
2018-01-31,10285.1,571
2018-02-01,9224.52,572
2018-02-02,8873.03,573
2018-02-03,9199.96,574
2018-02-04,8184.81,575
2018-02-05,6939.99,576
2018-02-06,7652.14,577
2018-02-07,7599.0,578
2018-02-08,7784.02,579
2018-02-09,8683.92,580
2018-02-10,8533.98,581
2018-02-11,8063.88,582
2018-02-12,8903.0,583
2018-02-13,8539.9,584
2018-02-14,9449.99,585
2018-02-15,10000.09,586
2018-02-16,10159.98,587
2018-02-17,11039.55,588
2018-02-18,10383.43,589
2018-02-19,11153.0,590
2018-02-20,11200.99,591
2018-02-21,10437.6,592
2018-02-22,9811.04,593
2018-02-23,10131.04,594
2018-02-24,9694.51,595
2018-02-25,9590.0,596
2018-02-26,10324.0,597
2018-02-27,10569.04,598
2018-02-28,10326.76,599
2018-03-01,10920.0,600
2018-03-02,11039.0,601
2018-03-03,11464.48,602
2018-03-04,11515.0,603
2018-03-05,11454.0,604
2018-03-06,10716.48,605
2018-03-07,9910.0,606
2018-03-08,9271.64,607
2018-03-09,9227.0,608
2018-03-10,8770.22,609
2018-03-11,9533.57,610
2018-03-12,9131.34,611
2018-03-13,9150.0,612
2018-03-14,8170.0,613
2018-03-15,8240.98,614
2018-03-16,8260.0,615
2018-03-17,7824.8,616
2018-03-18,8189.99,617
2018-03-19,8600.0,618
2018-03-20,8909.98,619
2018-03-21,8885.0,620
2018-03-22,8722.9,621
2018-03-23,8898.03,622
2018-03-24,8546.86,623
2018-03-25,8470.15,624
2018-03-26,8134.23,625
2018-03-27,7795.51,626
2018-03-28,7949.3,627
2018-03-29,7090.14,628
2018-03-30,6840.23,629
2018-03-31,6923.91,630
2018-04-01,6813.01,631
2018-04-02,7056.0,632
2018-04-03,7405.21,633
2018-04-04,6796.1,634
2018-04-05,6770.76,635
2018-04-06,6601.39,636
2018-04-07,6895.8,637
2018-04-08,7018.0,638
2018-04-09,6782.72,639
2018-04-10,6843.9,640
2018-04-11,6953.79,641
2018-04-12,7923.0,642
2018-04-13,7877.41,643
2018-04-14,7999.01,644
2018-04-15,8355.0,645
2018-04-16,8064.92,646
2018-04-17,7885.02,647
2018-04-18,8173.0,648
2018-04-19,8278.0,649
2018-04-20,8856.98,650
2018-04-21,8915.31,651
2018-04-22,8787.02,652
2018-04-23,8934.01,653
2018-04-24,9619.99,654
2018-04-25,8869.99,655
2018-04-26,9266.0,656
2018-04-27,8915.35,657
2018-04-28,9348.0,658
2018-04-29,9419.0,659
2018-04-30,9246.01,660
2018-05-01,9071.48,661
2018-05-02,9247.84,662
2018-05-03,9750.0,663
2018-05-04,9713.99,664
2018-05-05,9864.0,665
2018-05-06,9659.01,666
2018-05-07,9365.0,667
2018-05-08,9187.56,668
2018-05-09,9310.0,669
2018-05-10,9002.2,670
2018-05-11,8400.0,671
2018-05-12,8465.94,672
2018-05-13,8679.71,673
2018-05-14,8663.34,674
2018-05-15,8462.0,675
2018-05-16,8330.0,676
2018-05-17,8041.46,677
2018-05-18,8239.81,678
2018-05-19,8233.49,679
2018-05-20,8526.98,680
2018-05-21,8381.24,681
2018-05-22,7977.11,682
2018-05-23,7501.95,683
2018-05-24,7575.01,684
2018-05-25,7457.0,685
2018-05-26,7333.96,686
2018-05-27,7338.99,687
2018-05-28,7099.0,688
2018-05-29,7461.29,689
2018-05-30,7375.96,690
2018-05-31,7485.01,691
2018-06-01,7521.01,692
2018-06-02,7640.03,693
2018-06-03,7714.26,694
2018-06-04,7487.0,695
2018-06-05,7625.0,696
2018-06-06,7658.84,697
2018-06-07,7691.08,698
2018-06-08,7603.44,699
2018-06-09,7491.73,700
2018-06-10,6764.99,701
2018-06-11,6872.0,702
2018-06-12,6530.0,703
2018-06-13,6292.78,704
2018-06-14,6635.98,705
2018-06-15,6388.9,706
2018-06-16,6483.98,707
2018-06-17,6449.61,708
2018-06-18,6712.46,709
2018-06-19,6741.21,710
2018-06-20,6761.51,711
2018-06-21,6718.84,712
2018-06-22,6045.0,713
2018-06-23,6149.98,714
2018-06-24,6136.97,715
2018-06-25,6252.0,716
2018-06-26,6070.78,717
2018-06-27,6133.73,718
2018-06-28,5853.98,719
2018-06-29,6197.92,720
2018-06-30,6390.07,721
2018-07-01,6356.81,722
2018-07-02,6615.29,723
2018-07-03,6513.86,724
2018-07-04,6586.98,725
2018-07-05,6529.2,726
2018-07-06,6609.78,727
2018-07-07,6756.98,728
2018-07-08,6712.1,729
2018-07-09,6662.12,730
2018-07-10,6296.91,731
2018-07-11,6378.07,732
2018-07-12,6250.57,733
2018-07-13,6214.57,734
2018-07-14,6251.99,735
2018-07-15,6353.01,736
2018-07-16,6723.35,737
2018-07-17,7317.44,738
2018-07-18,7381.9,739
2018-07-19,7466.21,740
2018-07-20,7337.53,741
2018-07-21,7398.78,742
2018-07-22,7394.79,743
2018-07-23,7721.01,744
2018-07-24,8397.24,745
2018-07-25,8175.64,746
2018-07-26,7920.0,747
2018-07-27,8188.57,748
2018-07-28,8225.04,749
2018-07-29,8211.0,750
2018-07-30,8173.92,751
2018-07-31,7730.93,752
2018-08-01,7604.58,753
2018-08-02,7525.71,754
2018-08-03,7418.78,755
2018-08-04,7009.84,756
2018-08-05,7024.19,757
2018-08-06,6934.82,758
2018-08-07,6720.06,759
2018-08-08,6285.0,760
2018-08-09,6529.79,761
2018-08-10,6144.01,762
2018-08-11,6232.35,763
2018-08-12,6308.33,764
2018-08-13,6246.35,765
2018-08-14,6188.08,766
2018-08-15,6267.16,767
2018-08-16,6311.75,768
2018-08-17,6584.49,769
2018-08-18,6387.96,770
2018-08-19,6477.53,771
2018-08-20,6254.84,772
2018-08-21,6480.0,773
2018-08-22,6360.89,774
2018-08-23,6525.01,775
2018-08-24,6681.64,776
2018-08-25,6733.64,777
2018-08-26,6700.0,778
2018-08-27,6908.64,779
2018-08-28,7076.11,780
2018-08-29,7031.22,781
2018-08-30,6984.84,782
2018-08-31,7011.21,783
2018-09-01,7200.01,784
2018-09-02,7302.01,785
2018-09-03,7263.02,786
2018-09-04,7359.06,787
2018-09-05,6700.0,788
2018-09-06,6516.01,789
2018-09-07,6395.54,790
2018-09-08,6185.05,791
2018-09-09,6250.81,792
2018-09-10,6312.0,793
2018-09-11,6294.91,794
2018-09-12,6338.62,795
2018-09-13,6487.38,796
2018-09-14,6476.63,797
2018-09-15,6514.96,798
2018-09-16,6505.0,799
2018-09-17,6248.69,800
2018-09-18,6336.45,801
2018-09-19,6391.89,802
2018-09-20,6492.0,803
2018-09-21,6759.02,804
2018-09-22,6723.05,805
2018-09-23,6708.0,806
2018-09-24,6581.39,807
2018-09-25,6447.54,808
2018-09-26,6465.12,809
2018-09-27,6689.13,810
2018-09-28,6634.58,811
2018-09-29,6596.38,812
2018-09-30,6626.57,813
2018-10-01,6611.61,814
2018-10-02,6525.79,815
2018-10-03,6510.0,816
2018-10-04,6593.79,817
2018-10-05,6635.65,818
2018-10-06,6594.27,819
2018-10-07,6615.26,820
2018-10-08,6673.01,821
2018-10-09,6656.61,822
2018-10-10,6631.0,823
2018-10-11,6252.68,824
2018-10-12,6298.01,825
2018-10-13,6332.93,826
2018-10-14,6339.34,827
2018-10-15,6752.5,828
2018-10-16,6759.27,829
2018-10-17,6740.89,830
2018-10-18,6618.96,831
2018-10-19,6528.88,832
2018-10-20,6588.4,833
2018-10-21,6590.11,834
2018-10-22,6581.2,835
2018-10-23,6553.51,836
2018-10-24,6565.5,837
2018-10-25,6528.09,838
2018-10-26,6538.63,839
2018-10-27,6505.6,840
2018-10-28,6489.93,841
2018-10-29,6344.5,842
2018-10-30,6330.87,843
2018-10-31,6371.93,844
2018-11-01,6410.0,845
2018-11-02,6433.98,846
2018-11-03,6387.09,847
2018-11-04,6485.85,848
2018-11-05,6468.99,849
2018-11-06,6519.11,850
2018-11-07,6578.46,851
2018-11-08,6479.84,852
2018-11-09,6419.99,853
2018-11-10,6433.05,854
2018-11-11,6449.81,855
2018-11-12,6453.07,856
2018-11-13,6457.66,857
2018-11-14,5922.41,858
2018-11-15,5753.4,859
2018-11-16,5655.94,860
2018-11-17,5628.29,861
2018-11-18,5662.0,862
2018-11-19,4910.03,863
2018-11-20,4558.86,864
2018-11-21,4661.07,865
2018-11-22,4370.0,866
2018-11-23,4420.61,867
2018-11-24,3932.44,868
2018-11-25,4085.78,869
2018-11-26,3862.2,870
2018-11-27,3875.21,871
2018-11-28,4264.85,872
2018-11-29,4295.84,873
2018-11-30,4041.32,874
2018-12-01,4190.02,875
2018-12-02,4161.01,876
2018-12-03,3884.01,877
2018-12-04,3951.64,878
2018-12-05,3769.84,879
2018-12-06,3508.75,880
2018-12-07,3403.55,881
2018-12-08,3410.93,882
2018-12-09,3545.37,883
2018-12-10,3432.88,884
2018-12-11,3380.39,885
2018-12-12,3445.0,886
2018-12-13,3302.06,887
2018-12-14,3224.17,888
2018-12-15,3211.72,889
2018-12-16,3228.67,890
2018-12-17,3509.08,891
2018-12-18,3652.98,892
2018-12-19,3662.22,893
2018-12-20,4049.62,894
2018-12-21,3838.66,895
2018-12-22,3948.91,896
2018-12-23,3929.71,897
2018-12-24,4008.01,898
2018-12-25,3745.79,899
2018-12-26,3777.74,900
2018-12-27,3567.91,901
2018-12-28,3839.26,902
2018-12-29,3695.32,903
2018-12-30,3801.91,904
2018-12-31,3702.9,905
2019-01-01,3797.14,906
2019-01-02,3858.56,907
2019-01-03,3766.78,908
2019-01-04,3792.01,909
2019-01-05,3770.96,910
2019-01-06,3987.6,911
2019-01-07,3975.45,912
2019-01-08,3955.13,913
2019-01-09,3966.65,914
2019-01-10,3585.88,915
2019-01-11,3601.31,916
2019-01-12,3583.13,917
2019-01-13,3476.81,918
2019-01-14,3626.09,919
2019-01-15,3553.06,920
2019-01-16,3591.84,921
2019-01-17,3616.21,922
2019-01-18,3594.87,923
2019-01-19,3665.3,924
2019-01-20,3539.28,925
2019-01-21,3526.9,926
2019-01-22,3570.93,927
2019-01-23,3552.82,928
2019-01-24,3569.62,929
2019-01-25,3565.29,930
2019-01-26,3565.25,931
2019-01-27,3550.84,932
2019-01-28,3434.15,933
2019-01-29,3411.04,934
2019-01-30,3458.18,935
2019-01-31,3434.1,936
2019-02-01,3462.07,937
2019-02-02,3504.77,938
2019-02-03,3458.11,939
2019-02-04,3463.22,940
2019-02-05,3471.59,941
2019-02-06,3405.37,942
2019-02-07,3398.4,943
2019-02-08,3659.04,944
2019-02-09,3665.18,945
2019-02-10,3680.06,946
2019-02-11,3631.05,947
2019-02-12,3631.46,948
2019-02-13,3609.4,949
2019-02-14,3590.56,950
2019-02-15,3602.47,951
2019-02-16,3618.41,952
2019-02-17,3667.58,953
2019-02-18,3898.6,954
2019-02-19,3907.79,955
2019-02-20,3969.74,956
2019-02-21,3937.31,957
2019-02-22,3962.0,958
2019-02-23,4117.76,959
2019-02-24,3743.56,960
2019-02-25,3827.92,961
2019-02-26,3809.23,962
2019-02-27,3818.07,963
2019-02-28,3813.69,964
2019-03-01,3823.0,965
2019-03-02,3819.93,966
2019-03-03,3807.75,967
2019-03-04,3715.3,968
2019-03-05,3857.73,969
2019-03-06,3861.84,970
2019-03-07,3873.64,971
2019-03-08,3864.89,972
2019-03-09,3943.04,973
2019-03-10,3916.82,974
2019-03-11,3871.61,975
2019-03-12,3882.73,976
2019-03-13,3866.0,977
2019-03-14,3877.12,978
2019-03-15,3923.76,979
2019-03-16,4005.98,980
2019-03-17,3981.14,981
2019-03-18,3987.81,982
2019-03-19,4015.53,983
2019-03-20,4043.04,984
2019-03-21,3980.64,985
2019-03-22,3986.93,986
2019-03-23,4006.01,987
2019-03-24,3992.18,988
2019-03-25,3936.12,989
2019-03-26,3948.55,990
2019-03-27,4038.05,991
2019-03-28,4027.81,992
2019-03-29,4103.25,993
2019-03-30,4106.97,994
2019-03-31,4103.95,995
2019-04-01,4144.56,996
2019-04-02,4857.29,997
2019-04-03,4932.6,998
2019-04-04,4898.66,999
2019-04-05,5004.95,1000
2019-04-06,5043.89,1001
2019-04-07,5170.27,1002
2019-04-08,5236.9,1003
2019-04-09,5150.0,1004
2019-04-10,5308.25,1005
2019-04-11,5017.37,1006
2019-04-12,5048.01,1007
2019-04-13,5045.22,1008
2019-04-14,5131.3,1009
2019-04-15,5024.95,1010
2019-04-16,5173.72,1011
2019-04-17,5202.82,1012
2019-04-18,5258.44,1013
2019-04-19,5258.68,1014
2019-04-20,5291.73,1015
2019-04-21,5256.14,1016
2019-04-22,5357.14,1017
2019-04-23,5493.31,1018
2019-04-24,5415.0,1019
2019-04-25,5219.9,1020
2019-04-26,5314.1,1021
2019-04-27,5295.69,1022
2019-04-28,5307.52,1023
2019-04-29,5238.14,1024
2019-04-30,5320.81,1025
2019-05-01,5383.2,1026
2019-05-02,5492.87,1027
2019-05-03,5772.69,1028
2019-05-04,5829.45,1029
2019-05-05,5775.62,1030
2019-05-06,5747.79,1031
2019-05-07,5846.34,1032
2019-05-08,5987.29,1033
2019-05-09,6209.18,1034
2019-05-10,6373.33,1035
2019-05-11,7076.22,1036
2019-05-12,6967.31,1037
2019-05-13,7790.71,1038
2019-05-14,7947.56,1039
2019-05-15,8169.87,1040
2019-05-16,7866.59,1041
2019-05-17,7355.26,1042
2019-05-18,7257.45,1043
2019-05-19,8148.48,1044
2019-05-20,7938.15,1045
2019-05-21,7904.87,1046
2019-05-22,7628.43,1047
2019-05-23,7851.51,1048
2019-05-24,7964.87,1049
2019-05-25,8025.41,1050
2019-05-26,8614.43,1051
2019-05-27,8756.32,1052
2019-05-28,8715.64,1053
2019-05-29,8645.68,1054
2019-05-30,8269.54,1055
2019-05-31,8555.0,1056
2019-06-01,8544.07,1057
2019-06-02,8725.98,1058
2019-06-03,8115.82,1059
2019-06-04,7687.03,1060
2019-06-05,7776.5,1061
2019-06-06,7786.7,1062
2019-06-07,7980.53,1063
2019-06-08,7893.62,1064
2019-06-09,7628.13,1065
2019-06-10,7982.75,1066
2019-06-11,7884.9,1067
2019-06-12,8127.64,1068
2019-06-13,8218.54,1069
2019-06-14,8650.0,1070
2019-06-15,8808.7,1071
2019-06-16,8953.33,1072
2019-06-17,9313.96,1073
2019-06-18,9081.55,1074
2019-06-19,9255.49,1075
2019-06-20,9517.12,1076
2019-06-21,10159.86,1077
2019-06-22,10729.5,1078
2019-06-23,10906.07,1079
2019-06-24,11056.59,1080
2019-06-25,11820.86,1081
2019-06-26,13093.8,1082
2019-06-27,11329.99,1083
2019-06-28,12400.63,1084
2019-06-29,11903.13,1085
2019-06-30,10854.1,1086
2019-07-01,10624.93,1087
2019-07-02,10842.85,1088
2019-07-03,11940.0,1089
2019-07-04,11145.67,1090
2019-07-05,10970.73,1091
2019-07-06,11256.49,1092
2019-07-07,11406.24,1093
2019-07-08,12238.6,1094
2019-07-09,12543.41,1095
2019-07-10,12108.37,1096
2019-07-11,11342.89,1097
2019-07-12,11757.22,1098
2019-07-13,11355.76,1099
2019-07-14,10174.18,1100
2019-07-15,10838.72,1101
2019-07-16,9439.59,1102
2019-07-17,9667.92,1103
2019-07-18,10627.16,1104
2019-07-19,10504.29,1105
2019-07-20,10740.23,1106
2019-07-21,10589.45,1107
2019-07-22,10340.31,1108
2019-07-23,9864.91,1109
2019-07-24,9763.28,1110
2019-07-25,9879.87,1111
2019-07-26,9824.0,1112
2019-07-27,9476.52,1113
2019-07-28,9541.54,1114
2019-07-29,9507.64,1115
2019-07-30,9574.21,1116
2019-07-31,10080.53,1117
2019-08-01,10374.99,1118
2019-08-02,10523.75,1119
2019-08-03,10816.86,1120
2019-08-04,10929.23,1121
2019-08-05,11828.8,1122
2019-08-06,11481.69,1123
2019-08-07,11975.03,1124
2019-08-08,11999.77,1125
2019-08-09,11879.99,1126
2019-08-10,11309.31,1127
2019-08-11,11549.97,1128
2019-08-12,11396.08,1129
2019-08-13,10892.71,1130
2019-08-14,10050.37,1131
2019-08-15,10293.93,1132
2019-08-16,10331.54,1133
2019-08-17,10216.02,1134
2019-08-18,10306.78,1135
2019-08-19,10915.54,1136
2019-08-20,10760.51,1137
2019-08-21,10142.57,1138
2019-08-22,10099.88,1139
2019-08-23,10389.55,1140
2019-08-24,10134.35,1141
2019-08-25,10142.69,1142
2019-08-26,10372.25,1143
2019-08-27,10185.05,1144
2019-08-28,9721.0,1145
2019-08-29,9498.44,1146
2019-08-30,9584.54,1147
2019-08-31,9587.47,1148
2019-09-01,9724.98,1149
2019-09-02,10340.0,1150
2019-09-03,10615.28,1151
2019-09-04,10567.02,1152
2019-09-05,10564.49,1153
2019-09-06,10298.73,1154
2019-09-07,10455.88,1155
2019-09-08,10381.18,1156
2019-09-09,10303.12,1157
2019-09-10,10098.15,1158
2019-09-11,10158.33,1159
2019-09-12,10415.01,1160
2019-09-13,10342.06,1161
2019-09-14,10335.02,1162
2019-09-15,10302.01,1163
2019-09-16,10251.31,1164
2019-09-17,10187.82,1165
2019-09-18,10156.99,1166
2019-09-19,10244.29,1167
2019-09-20,10168.59,1168
2019-09-21,9986.39,1169
2019-09-22,10028.87,1170
2019-09-23,9702.25,1171
2019-09-24,8493.14,1172
2019-09-25,8430.05,1173
2019-09-26,8063.73,1174
2019-09-27,8177.91,1175
2019-09-28,8198.81,1176
2019-09-29,8043.82,1177
2019-09-30,8289.34,1178
2019-10-01,8292.44,1179
2019-10-02,8359.94,1180
2019-10-03,8223.96,1181
2019-10-04,8137.13,1182
2019-10-05,8126.19,1183
2019-10-06,7854.25,1184
2019-10-07,8190.09,1185
2019-10-08,8168.39,1186
2019-10-09,8560.74,1187
2019-10-10,8558.03,1188
2019-10-11,8258.5,1189
2019-10-12,8300.09,1190
2019-10-13,8275.01,1191
2019-10-14,8348.2,1192
2019-10-15,8159.29,1193
2019-10-16,7991.74,1194
2019-10-17,8070.58,1195
2019-10-18,7947.01,1196
2019-10-19,7948.01,1197
2019-10-20,8223.35,1198
2019-10-21,8197.27,1199
2019-10-22,8020.0,1200
2019-10-23,7466.62,1201
2019-10-24,7412.41,1202
2019-10-25,8655.02,1203
2019-10-26,9230.0,1204
2019-10-27,9529.93,1205
2019-10-28,9205.14,1206
2019-10-29,9407.62,1207
2019-10-30,9154.72,1208
2019-10-31,9140.85,1209
2019-11-01,9231.61,1210
2019-11-02,9289.52,1211
2019-11-03,9194.71,1212
2019-11-04,9393.35,1213
2019-11-05,9308.66,1214
2019-11-06,9339.05,1215
2019-11-07,9216.2,1216
2019-11-08,8773.73,1217
2019-11-09,8809.41,1218
2019-11-10,9039.47,1219
2019-11-11,8733.27,1220
2019-11-12,8821.94,1221
2019-11-13,8777.12,1222
2019-11-14,8646.68,1223
2019-11-15,8471.73,1224
2019-11-16,8491.02,1225
2019-11-17,8502.4,1226
2019-11-18,8187.17,1227
2019-11-19,8133.64,1228
2019-11-20,8098.01,1229
2019-11-21,7627.74,1230
2019-11-22,7268.23,1231
2019-11-23,7311.57,1232
2019-11-24,6903.28,1233
2019-11-25,7109.57,1234
2019-11-26,7156.14,1235
2019-11-27,7508.52,1236
2019-11-28,7419.49,1237
2019-11-29,7739.68,1238
2019-11-30,7541.89,1239
2019-12-01,7390.89,1240
2019-12-02,7294.28,1241
2019-12-03,7292.71,1242
2019-12-04,7194.32,1243
2019-12-05,7389.0,1244
2019-12-06,7527.47,1245
2019-12-07,7488.21,1246
2019-12-08,7510.11,1247
2019-12-09,7338.64,1248
2019-12-10,7224.13,1249
2019-12-11,7210.0,1250
2019-12-12,7198.08,1251
2019-12-13,7258.48,1252
2019-12-14,7064.05,1253
2019-12-15,7118.59,1254
2019-12-16,6891.72,1255
2019-12-17,6623.82,1256
2019-12-18,7277.83,1257
2019-12-19,7150.3,1258
2019-12-20,7187.83,1259
2019-12-21,7132.75,1260
2019-12-22,7501.44,1261
2019-12-23,7317.09,1262
2019-12-24,7255.77,1263
2019-12-25,7204.63,1264
2019-12-26,7202.0,1265
2019-12-27,7254.74,1266
2019-12-28,7316.14,1267
2019-12-29,7388.24,1268
2019-12-30,7246.0,1269
2019-12-31,7195.23,1270
2020-01-01,7200.85,1271
2020-01-02,6965.71,1272
2020-01-03,7344.96,1273
2020-01-04,7354.11,1274
2020-01-05,7358.75,1275
2020-01-06,7758.0,1276
2020-01-07,8145.28,1277
2020-01-08,8055.98,1278
2020-01-09,7817.76,1279
2020-01-10,8197.02,1280
2020-01-11,8020.01,1281
2020-01-12,8184.98,1282
2020-01-13,8110.34,1283
2020-01-14,8810.01,1284
2020-01-15,8821.41,1285
2020-01-16,8720.01,1286
2020-01-17,8913.28,1287
2020-01-18,8915.96,1288
2020-01-19,8701.7,1289
2020-01-20,8642.35,1290
2020-01-21,8736.03,1291
2020-01-22,8682.36,1292
2020-01-23,8404.52,1293
2020-01-24,8439.0,1294
2020-01-25,8340.58,1295
2020-01-26,8615.0,1296
2020-01-27,8907.57,1297
2020-01-28,9374.21,1298
2020-01-29,9301.53,1299
2020-01-30,9513.21,1300
2020-01-31,9352.89,1301
2020-02-01,9384.61,1302
2020-02-02,9331.51,1303
2020-02-03,9292.24,1304
2020-02-04,9197.02,1305
2020-02-05,9612.04,1306
2020-02-06,9772.0,1307
2020-02-07,9813.73,1308
2020-02-08,9895.05,1309
2020-02-09,10151.75,1310
2020-02-10,9851.83,1311
2020-02-11,10223.08,1312
2020-02-12,10326.46,1313
2020-02-13,10229.63,1314
2020-02-14,10344.36,1315
2020-02-15,9904.72,1316
2020-02-16,9917.27,1317
2020-02-17,9706.0,1318
2020-02-18,10164.71,1319
2020-02-19,9593.79,1320
2020-02-20,9596.42,1321
2020-02-21,9677.05,1322
2020-02-22,9650.86,1323
2020-02-23,9936.4,1324
2020-02-24,9656.13,1325
2020-02-25,9315.84,1326
2020-02-26,8785.25,1327
2020-02-27,8823.21,1328
2020-02-28,8692.91,1329
2020-02-29,8523.61,1330
2020-03-01,8531.88,1331
2020-03-02,8915.24,1332
2020-03-03,8760.07,1333
2020-03-04,8750.87,1334
2020-03-05,9054.68,1335
2020-03-06,9131.88,1336
2020-03-07,8886.66,1337
2020-03-08,8033.31,1338
2020-03-09,7929.87,1339
2020-03-10,7894.56,1340
2020-03-11,7934.52,1341
2020-03-12,4800.0,1342
2020-03-13,5578.6,1343
2020-03-14,5172.06,1344
2020-03-15,5361.3,1345
2020-03-16,5028.97,1346
2020-03-17,5312.64,1347
2020-03-18,5393.04,1348
2020-03-19,6162.37,1349
2020-03-20,6208.36,1350
2020-03-21,6186.98,1351
2020-03-22,5816.19,1352
2020-03-23,6467.31,1353
2020-03-24,6744.72,1354
2020-03-25,6677.43,1355
2020-03-26,6737.36,1356
2020-03-27,6359.11,1357
2020-03-28,6236.65,1358
2020-03-29,5881.42,1359
2020-03-30,6394.38,1360
2020-03-31,6410.44,1361
2020-04-01,6642.92,1362
2020-04-02,6794.09,1363
2020-04-03,6734.1,1364
2020-04-04,6856.99,1365
2020-04-05,6772.78,1366
2020-04-06,7329.9,1367
2020-04-07,7197.32,1368
2020-04-08,7361.28,1369
2020-04-09,7283.54,1370
2020-04-10,6858.92,1371
2020-04-11,6876.83,1372
2020-04-12,6903.79,1373
2020-04-13,6837.91,1374
2020-04-14,6868.7,1375
2020-04-15,6621.24,1376
2020-04-16,7101.94,1377
2020-04-17,7027.55,1378
2020-04-18,7248.6,1379
2020-04-19,7120.74,1380
2020-04-20,6826.83,1381
2020-04-21,6841.37,1382
2020-04-22,7125.14,1383
2020-04-23,7482.39,1384
2020-04-24,7505.0,1385
2020-04-25,7538.67,1386
2020-04-26,7693.1,1387
2020-04-27,7774.62,1388
2020-04-28,7738.98,1389
2020-04-29,8778.57,1390
2020-04-30,8620.0,1391
2020-05-01,8826.96,1392
2020-05-02,8972.05,1393
2020-05-03,8894.16,1394
2020-05-04,8871.96,1395
2020-05-05,9021.83,1396
2020-05-06,9142.92,1397
2020-05-07,9986.4,1398
2020-05-08,9800.01,1399
2020-05-09,9539.4,1400
2020-05-10,8722.77,1401
2020-05-11,8561.52,0
2020-05-12,8810.79,1
2020-05-13,9309.37,2
2020-05-14,9791.98,3
2020-05-15,9316.42,4
2020-05-16,9381.27,5
2020-05-17,9680.04,6
2020-05-18,9733.93,7
2020-05-19,9775.53,8
2020-05-20,9511.43,9
2020-05-21,9068.65,10
2020-05-22,9170.0,11
2020-05-23,9179.15,12
2020-05-24,8720.34,13
2020-05-25,8900.35,14
2020-05-26,8841.18,15
2020-05-27,9204.07,16
2020-05-28,9575.89,17
2020-05-29,9427.07,18
2020-05-30,9697.72,19
2020-05-31,9448.27,20
2020-06-01,10200.77,21
2020-06-02,9518.04,22
2020-06-03,9666.24,23
2020-06-04,9789.06,24
2020-06-05,9621.16,25
2020-06-06,9666.3,26
2020-06-07,9746.99,27
2020-06-08,9782.01,28
2020-06-09,9772.43,29
2020-06-10,9885.0,30
2020-06-11,9280.4,31
2020-06-12,9465.13,32
2020-06-13,9473.34,33
2020-06-14,9342.1,34
2020-06-15,9426.02,35
2020-06-16,9525.59,36
2020-06-17,9465.14,37
2020-06-18,9386.32,38
2020-06-19,9310.23,39
2020-06-20,9358.95,40
2020-06-21,9294.69,41
2020-06-22,9685.69,42
2020-06-23,9624.89,43
2020-06-24,9296.49,44
2020-06-25,9249.49,45
2020-06-26,9162.21,46
2020-06-27,9012.0,47
2020-06-28,9116.35,48
2020-06-29,9192.56,49
2020-06-30,9138.55,50
2020-07-01,9232.0,51
2020-07-02,9086.54,52
2020-07-03,9058.26,53
2020-07-04,9135.46,54
2020-07-05,9069.41,55
2020-07-06,9344.2,56
2020-07-07,9257.39,57
2020-07-08,9436.06,58
2020-07-09,9232.43,59
2020-07-10,9288.34,60
2020-07-11,9234.03,61
2020-07-12,9302.75,62
2020-07-13,9242.62,63
2020-07-14,9255.85,64
2020-07-15,9197.6,65
2020-07-16,9133.72,66
2020-07-17,9154.32,67
2020-07-18,9170.28,68
2020-07-19,9208.99,69
2020-07-20,9160.78,70
2020-07-21,9390.0,71
2020-07-22,9518.16,72
2020-07-23,9603.27,73
2020-07-24,9537.8,74
2020-07-25,9700.42,75
2020-07-26,9931.54,76
2020-07-27,11029.96,77
2020-07-28,10906.27,78
2020-07-29,11100.53,79
2020-07-30,11099.61,80
2020-07-31,11335.46,81
2020-08-01,11801.17,82
2020-08-02,11071.35,83
2020-08-03,11219.81,84
2020-08-04,11191.97,85
2020-08-05,11744.91,86
2020-08-06,11762.46,87
2020-08-07,11594.23,88
2020-08-08,11761.41,89
2020-08-09,11681.68,90
2020-08-10,11892.92,91
2020-08-11,11392.08,92
2020-08-12,11564.33,93
2020-08-13,11780.0,94
2020-08-14,11760.54,95
2020-08-15,11852.4,96
2020-08-16,11911.0,97
2020-08-17,12281.13,98
2020-08-18,11945.01,99
2020-08-19,11754.59,100
2020-08-20,11853.55,101
2020-08-21,11531.34,102
2020-08-22,11662.96,103
2020-08-23,11648.13,104
2020-08-24,11748.2,105
2020-08-25,11318.42,106
2020-08-26,11461.43,107
2020-08-27,11330.38,108
2020-08-28,11526.91,109
2020-08-29,11465.84,110
2020-08-30,11711.16,111
2020-08-31,11649.51,112
2020-09-01,11921.97,113
2020-09-02,11388.54,114
2020-09-03,10140.85,115
2020-09-04,10446.25,116
2020-09-05,10166.69,117
2020-09-06,10256.2,118
2020-09-07,10373.44,119
2020-09-08,10126.65,120
2020-09-09,10219.2,121
2020-09-10,10336.87,122
2020-09-11,10387.89,123
2020-09-12,10440.92,124
2020-09-13,10332.83,125
2020-09-14,10671.77,126
2020-09-15,10785.31,127
2020-09-16,10954.01,128
2020-09-17,10939.99,129
2020-09-18,10933.39,130
2020-09-19,11080.65,131
2020-09-20,10920.28,132
2020-09-21,10417.22,133
2020-09-22,10529.61,134
2020-09-23,10241.46,135
2020-09-24,10736.32,136
2020-09-25,10686.67,137
2020-09-26,10728.6,138
2020-09-27,10774.25,139
2020-09-28,10696.12,140
2020-09-29,10840.48,141
2020-09-30,10776.59,142
2020-10-01,10619.13,143
2020-10-02,10570.4,144
2020-10-03,10542.06,145
2020-10-04,10666.63,146
2020-10-05,10792.21,147
2020-10-06,10599.66,148
2020-10-07,10666.39,149
2020-10-08,10925.57,150
2020-10-09,11050.64,151
2020-10-10,11293.22,152
2020-10-11,11369.02,153
2020-10-12,11528.25,154
2020-10-13,11420.56,155
2020-10-14,11417.89,156
2020-10-15,11505.12,157
2020-10-16,11319.32,158
2020-10-17,11360.2,159
2020-10-18,11503.14,160
2020-10-19,11751.47,161
2020-10-20,11909.99,162
2020-10-21,12780.96,163
2020-10-22,12968.52,164
2020-10-23,12923.07,165
2020-10-24,13111.73,166
2020-10-25,13028.83,167
2020-10-26,13052.19,168
2020-10-27,13636.17,169
2020-10-28,13266.4,170
2020-10-29,13455.7,171
2020-10-30,13560.1,172
2020-10-31,13791.0,173
2020-11-01,13761.5,174
2020-11-02,13549.37,175
2020-11-03,14023.53,176
2020-11-04,14144.01,177
2020-11-05,15590.02,178
2020-11-06,15579.92,179
2020-11-07,14818.3,180
2020-11-08,15475.1,181
2020-11-09,15328.41,182
2020-11-10,15297.21,183
2020-11-11,15684.24,184
2020-11-12,16291.86,185
2020-11-13,16320.7,186
2020-11-14,16070.45,187
2020-11-15,15957.0,188
2020-11-16,16713.57,189
2020-11-17,17659.38,190
2020-11-18,17776.12,191
2020-11-19,17802.82,192
2020-11-20,18655.67,193
2020-11-21,18703.8,194
2020-11-22,18414.43,195
2020-11-23,18368.0,196
2020-11-24,19160.01,197
2020-11-25,18719.11,198
2020-11-26,17149.47,199
2020-11-27,17139.52,200
2020-11-28,17719.85,201
2020-11-29,18184.99,202
2020-11-30,19695.87,203
2020-12-01,18764.96,204
2020-12-02,19204.09,205
2020-12-03,19421.9,206
2020-12-04,18650.52,207
2020-12-05,19147.66,208
2020-12-06,19359.4,209
2020-12-07,19166.9,210
2020-12-08,18324.11,211
2020-12-09,18541.28,212
2020-12-10,18254.63,213
2020-12-11,18036.53,214
2020-12-12,18808.69,215
2020-12-13,19174.99,216
2020-12-14,19273.14,217
2020-12-15,19426.43,218
2020-12-16,21335.52,219
2020-12-17,22797.16,220
2020-12-18,23107.39,221
2020-12-19,23821.61,222
2020-12-20,23455.52,223
2020-12-21,22719.71,224
2020-12-22,23810.79,225
2020-12-23,23232.76,226
2020-12-24,23729.2,227
2020-12-25,24712.47,228
2020-12-26,26493.39,229
2020-12-27,26281.66,230
2020-12-28,27079.41,231
2020-12-29,27385.0,232
2020-12-30,28875.54,233
2020-12-31,28923.63,234
2021-01-01,29331.69,235
2021-01-02,32178.33,236
2021-01-03,33000.05,237
2021-01-04,31988.71,238
2021-01-05,33949.53,239
2021-01-06,36769.36,240
2021-01-07,39432.28,241
2021-01-08,40582.81,242
2021-01-09,40088.22,243
2021-01-10,38150.02,244
2021-01-11,35404.47,245
2021-01-12,34051.24,246
2021-01-13,37371.38,247
2021-01-14,39144.5,248
2021-01-15,36742.22,249
2021-01-16,35994.98,250
2021-01-17,35828.61,251
2021-01-18,36631.27,252
2021-01-19,35891.49,253
2021-01-20,35468.23,254
2021-01-21,30850.13,255
2021-01-22,32945.17,256
2021-01-23,32078.0,257
2021-01-24,32259.9,258
2021-01-25,32254.2,259
2021-01-26,32467.77,260
2021-01-27,30366.15,261
2021-01-28,33364.86,262
2021-01-29,34252.2,263
2021-01-30,34262.88,264
2021-01-31,33092.98,265
2021-02-01,33526.37,266
2021-02-02,35466.24,267
2021-02-03,37618.87,268
2021-02-04,36936.66,269
2021-02-05,38290.24,270
2021-02-06,39186.94,271
2021-02-07,38795.69,272
2021-02-08,46374.87,273
2021-02-09,46420.42,274
2021-02-10,44807.58,275
2021-02-11,47969.51,276
2021-02-12,47287.6,277
2021-02-13,47153.69,278
2021-02-14,48577.79,279
2021-02-15,47911.1,280
2021-02-16,49133.45,281
2021-02-17,52119.71,282
2021-02-18,51552.6,283
2021-02-19,55906.0,284
2021-02-20,55841.19,285
2021-02-21,57408.57,286
2021-02-22,54087.67,287
2021-02-23,48891.0,288
2021-02-24,49676.2,289
2021-02-25,47073.73,290
2021-02-26,46276.87,291
2021-02-27,46106.43,292
2021-02-28,45135.66,293
2021-03-01,49587.03,294
2021-03-02,48440.65,295
2021-03-03,50349.37,296
2021-03-04,48374.09,297
2021-03-05,48751.71,298
2021-03-06,48882.2,299
2021-03-07,50971.75,300
2021-03-08,52375.17,301
2021-03-09,54884.5,302
2021-03-10,55851.59,303
2021-03-11,57773.16,304
2021-03-12,57221.72,305
2021-03-13,61188.39,306
2021-03-14,58968.31,307
2021-03-15,55605.2,308
2021-03-16,56900.75,309
2021-03-17,58912.97,310
2021-03-18,57648.16,311
2021-03-19,58030.01,312
2021-03-20,58102.28,313
2021-03-21,57351.56,314
2021-03-22,54083.25,315
2021-03-23,54340.89,316
2021-03-24,52303.65,317
2021-03-25,51293.78,318
2021-03-26,55025.59,319
2021-03-27,55817.14,320
2021-03-28,55777.63,321
2021-03-29,57635.47,322
2021-03-30,58746.57,323
2021-03-31,58740.55,324
2021-04-01,58720.44,325
2021-04-02,58950.01,326
2021-04-03,57051.94,327
2021-04-04,58202.01,328
2021-04-05,59129.99,329
2021-04-06,57991.15,330
2021-04-07,55953.45,331
2021-04-08,58077.52,332
2021-04-09,58142.54,333
2021-04-10,59769.13,334
2021-04-11,60002.43,335
2021-04-12,59860.0,336
2021-04-13,63575.0,337
2021-04-14,62959.53,338
2021-04-15,63159.98,339
2021-04-16,61334.8,340
2021-04-17,60006.66,341
2021-04-18,56150.01,342
2021-04-19,55633.14,343
2021-04-20,56425.0,344
2021-04-21,53787.63,345
2021-04-22,51690.96,346
2021-04-23,51125.14,347
2021-04-24,50047.84,348
2021-04-25,49066.77,349
2021-04-26,54001.39,350
2021-04-27,55011.97,351
2021-04-28,54846.22,352
2021-04-29,53555.0,353
2021-04-30,57694.27,354
2021-05-01,57800.37,355
2021-05-02,56578.21,356
2021-05-03,57169.39,357
2021-05-04,53200.01,358
2021-05-05,57436.11,359
2021-05-06,56393.68,360
2021-05-07,57314.75,361
2021-05-08,58862.05,362
2021-05-09,58240.84,363
2021-05-10,55816.14,364
2021-05-11,56670.02,365
2021-05-12,49631.32,366
2021-05-13,49670.97,367
2021-05-14,49841.45,368
2021-05-15,46762.99,369
2021-05-16,46431.5,370
2021-05-17,43538.04,371
2021-05-18,42849.78,372
2021-05-19,36690.09,373
2021-05-20,40526.64,374
2021-05-21,37252.01,375
2021-05-22,37449.73,376
2021-05-23,34655.25,377
2021-05-24,38796.29,378
2021-05-25,38324.72,379
2021-05-26,39241.91,380
2021-05-27,38529.98,381
2021-05-28,35663.49,382
2021-05-29,34605.15,383
2021-05-30,35641.27,384
2021-05-31,37253.81,385
2021-06-01,36693.09,386
2021-06-02,37568.68,387
2021-06-03,39246.79,388
2021-06-04,36829.0,389
2021-06-05,35513.2,390
2021-06-06,35796.31,391
2021-06-07,33552.79,392
2021-06-08,33380.81,393
2021-06-09,37388.05,394
2021-06-10,36675.72,395
2021-06-11,37331.98,396
2021-06-12,35546.11,397
2021-06-13,39020.57,398
2021-06-14,40516.29,399
2021-06-15,40144.04,400
2021-06-16,38349.01,401
2021-06-17,38092.97,402
2021-06-18,35819.84,403
2021-06-19,35483.72,404
2021-06-20,35600.16,405
2021-06-21,31608.93,406
2021-06-22,32509.56,407
2021-06-23,33678.07,408
2021-06-24,34663.09,409
2021-06-25,31584.45,410
2021-06-26,32283.65,411
2021-06-27,34700.34,412
2021-06-28,34494.89,413
2021-06-29,35911.73,414
2021-06-30,35045.0,415
2021-07-01,33504.69,416
2021-07-02,33786.55,417
2021-07-03,34669.13,418
2021-07-04,35286.51,419
2021-07-05,33690.14,420
2021-07-06,34220.01,421
2021-07-07,33862.12,422
2021-07-08,32875.71,423
2021-07-09,33815.81,424
2021-07-10,33502.87,425
2021-07-11,34258.99,426
2021-07-12,33086.63,427
2021-07-13,32729.77,428
2021-07-14,32820.02,429
2021-07-15,31880.0,430
2021-07-16,31383.87,431
2021-07-17,31520.07,432
2021-07-18,31778.56,433
2021-07-19,30839.65,434
2021-07-20,29790.35,435
2021-07-21,32144.51,436
2021-07-22,32287.83,437
2021-07-23,33634.09,438
2021-07-24,34258.14,439
2021-07-25,35381.02,440
2021-07-26,37237.6,441
2021-07-27,39457.87,442
2021-07-28,40019.56,443
2021-07-29,40016.48,444
2021-07-30,42206.37,445
2021-07-31,41461.83,446
2021-08-01,39845.44,447
2021-08-02,39147.82,448
2021-08-03,38207.05,449
2021-08-04,39723.18,450
2021-08-05,40862.46,451
2021-08-06,42836.87,452
2021-08-07,44572.54,453
2021-08-08,43794.37,454
2021-08-09,46253.4,455
2021-08-10,45584.99,456
2021-08-11,45511.0,457
2021-08-12,44399.0,458
2021-08-13,47800.0,459
2021-08-14,47068.51,460
2021-08-15,46973.82,461
2021-08-16,45901.29,462
2021-08-17,44695.95,463
2021-08-18,44705.29,464
2021-08-19,46760.62,465
2021-08-20,49322.47,466
2021-08-21,48821.87,467
2021-08-22,49239.22,468
2021-08-23,49488.85,469
2021-08-24,47674.01,470
2021-08-25,48973.32,471
2021-08-26,46843.87,472
2021-08-27,49069.9,473
2021-08-28,48895.35,474
2021-08-29,48767.83,475
2021-08-30,46982.91,476
2021-08-31,47100.89,477
2021-09-01,48810.52,478
2021-09-02,49246.64,479
2021-09-03,49999.14,480
2021-09-04,49915.64,481
2021-09-05,51756.88,482
2021-09-06,52663.9,483
2021-09-07,46863.73,484
2021-09-08,46048.31,485
2021-09-09,46395.14,486
2021-09-10,44850.91,487
2021-09-11,45173.69,488
2021-09-12,46025.24,489
2021-09-13,44940.73,490
2021-09-14,47111.52,491
2021-09-15,48121.41,492
2021-09-16,47737.82,493
2021-09-17,47299.98,494
2021-09-18,48292.74,495
2021-09-19,47241.75,496
2021-09-20,43015.62,497
2021-09-21,40734.38,498
2021-09-22,43543.61,499
2021-09-23,44865.26,500
2021-09-24,42810.57,501
2021-09-25,42670.64,502
2021-09-26,43160.9,503
2021-09-27,42147.35,504
2021-09-28,41026.54,505
2021-09-29,41524.28,506
2021-09-30,43824.1,507
2021-10-01,48141.61,508
2021-10-02,47634.9,509
2021-10-03,48200.01,510
2021-10-04,49224.94,511
2021-10-05,51471.99,512
2021-10-06,55315.0,513
2021-10-07,53785.22,514
2021-10-08,53951.43,515
2021-10-09,54949.72,516
2021-10-10,54659.0,517
2021-10-11,57471.35,518
2021-10-12,55996.93,519
2021-10-13,57367.0,520
2021-10-14,57347.94,521
2021-10-15,61672.42,522
2021-10-16,60875.57,523
2021-10-17,61528.33,524
2021-10-18,62009.84,525
2021-10-19,64280.59,526
2021-10-20,66001.41,527
2021-10-21,62193.15,528
2021-10-22,60688.22,529
2021-10-23,61286.75,530
2021-10-24,60852.22,531
2021-10-25,63078.78,532
2021-10-26,60328.81,533
2021-10-27,58413.44,534
2021-10-28,60575.89,535
2021-10-29,62253.71,536
2021-10-30,61859.19,537
2021-10-31,61299.8,538
2021-11-01,60911.11,539
2021-11-02,63219.99,540
2021-11-03,62896.48,541
2021-11-04,61395.01,542
2021-11-05,60937.12,543
2021-11-06,61470.61,544
2021-11-07,63273.59,545
2021-11-08,67525.83,546
2021-11-09,66947.66,547
2021-11-10,64882.43,548
2021-11-11,64774.26,549
2021-11-12,64122.23,550
2021-11-13,64380.0,551
2021-11-14,65519.1,552
2021-11-15,63606.74,553
2021-11-16,60058.87,554
2021-11-17,60344.87,555
2021-11-18,56891.62,556
2021-11-19,58052.24,557
2021-11-20,59707.51,558
2021-11-21,58622.02,559
2021-11-22,56247.18,560
2021-11-23,57541.27,561
2021-11-24,57138.29,562
2021-11-25,58960.36,563
2021-11-26,53726.53,564
2021-11-27,54721.03,565
2021-11-28,57274.88,566
2021-11-29,57776.25,567
2021-11-30,56950.56,568
2021-12-01,57184.07,569
2021-12-02,56480.34,570
2021-12-03,53601.05,571
2021-12-04,49152.47,572
2021-12-05,49396.33,573
2021-12-06,50441.92,574
2021-12-07,50588.95,575
2021-12-08,50471.19,576
2021-12-09,47545.59,577
2021-12-10,47140.54,578
2021-12-11,49389.99,579
2021-12-12,50053.9,580
2021-12-13,46702.75,581
2021-12-14,48343.28,582
2021-12-15,48864.98,583
2021-12-16,47632.38,584
2021-12-17,46131.2,585
2021-12-18,46834.48,586
2021-12-19,46681.23,587
2021-12-20,46914.16,588
2021-12-21,48889.88,589
2021-12-22,48588.16,590
2021-12-23,50838.81,591
2021-12-24,50820.0,592
2021-12-25,50399.66,593
2021-12-26,50775.49,594
2021-12-27,50701.44,595
2021-12-28,47543.74,596
2021-12-29,46464.66,597
2021-12-30,47120.87,598
2021-12-31,46216.93,599
2022-01-01,47722.65,600
2022-01-02,47286.18,601
2022-01-03,46446.1,602
2022-01-04,45832.01,603
2022-01-05,43451.13,604
2022-01-06,43082.31,605
2022-01-07,41566.48,606
2022-01-08,41679.74,607
2022-01-09,41864.62,608
2022-01-10,41822.49,609
2022-01-11,42729.29,610
2022-01-12,43902.66,611
2022-01-13,42560.11,612
2022-01-14,43059.96,613
2022-01-15,43084.29,614
2022-01-16,43071.66,615
2022-01-17,42201.62,616
2022-01-18,42352.12,617
2022-01-19,41660.01,618
2022-01-20,40680.91,619
2022-01-21,36445.31,620
2022-01-22,35071.42,621
2022-01-23,36244.55,622
2022-01-24,36660.35,623
2022-01-25,36958.32,624
2022-01-26,36809.34,625
2022-01-27,37160.1,626
2022-01-28,37716.56,627
2022-01-29,38166.84,628
2022-01-30,37881.76,629
2022-01-31,38466.9,630
2022-02-01,38694.59,631
2022-02-02,36896.36,632
2022-02-03,37311.61,633
2022-02-04,41574.25,634
2022-02-05,41382.59,635
2022-02-06,42380.87,636
2022-02-07,43839.99,637
2022-02-08,44042.99,638
2022-02-09,44372.72,639
2022-02-10,43495.44,640
2022-02-11,42373.73,641
2022-02-12,42217.87,642
2022-02-13,42053.66,643
2022-02-14,42535.94,644
2022-02-15,44544.86,645
2022-02-16,43873.56,646
2022-02-17,40515.7,647
2022-02-18,39974.44,648
2022-02-19,40079.17,649
2022-02-20,38386.89,650
2022-02-21,37008.16,651
2022-02-22,38230.33,652
2022-02-23,37250.01,653
2022-02-24,38327.21,654
2022-02-25,39219.17,655
2022-02-26,39116.72,656
2022-02-27,37699.07,657
2022-02-28,43160.0,658
2022-03-01,44421.2,659
2022-03-02,43892.98,660
2022-03-03,42454.0,661
2022-03-04,39148.66,662
2022-03-05,39397.96,663
2022-03-06,38420.81,664
2022-03-07,37988.0,665
2022-03-08,38730.63,666
2022-03-09,41941.71,667
2022-03-10,39422.0,668
2022-03-11,38729.57,669
2022-03-12,38807.36,670
2022-03-13,37777.34,671
2022-03-14,39671.37,672
2022-03-15,39280.33,673
2022-03-16,41114.0,674
2022-03-17,40917.9,675
2022-03-18,41757.51,676
2022-03-19,42201.13,677
2022-03-20,41262.11,678
2022-03-21,41002.25,679
2022-03-22,42364.13,680
2022-03-23,42882.76,681
2022-03-24,43991.46,682
2022-03-25,44313.16,683
2022-03-26,44511.27,684
2022-03-27,46827.76,685
2022-03-28,47122.21,686
2022-03-29,47434.8,687
2022-03-30,47067.99,688
2022-03-31,45510.34,689
2022-04-01,46283.49,690
2022-04-02,45811.0,691
2022-04-03,46407.35,692
2022-04-04,46580.51,693
2022-04-05,45497.55,694
2022-04-06,43170.47,695
2022-04-07,43444.19,696
2022-04-08,42252.01,697
2022-04-09,42753.97,698
2022-04-10,42158.85,699
2022-04-11,39530.45,700
2022-04-12,40074.94,701
2022-04-13,41147.79,702
2022-04-14,39942.38,703
2022-04-15,40551.9,704
2022-04-16,40378.71,705
2022-04-17,39678.12,706
2022-04-18,40801.13,707
2022-04-19,41493.18,708
2022-04-20,41358.19,709
2022-04-21,40480.01,710
2022-04-22,39709.18,711
2022-04-23,39441.6,712
2022-04-24,39450.13,713
2022-04-25,40426.08,714
2022-04-26,38112.65,715
2022-04-27,39235.72,716
2022-04-28,39742.07,717
2022-04-29,38596.11,718
2022-04-30,37630.8,719
2022-05-01,38468.35,720
2022-05-02,38525.16,721
2022-05-03,37728.95,722
2022-05-04,39690.0,723
2022-05-05,36552.97,724
2022-05-06,36013.77,725
2022-05-07,35472.39,726
2022-05-08,34038.4,727
2022-05-09,30076.31,728
2022-05-10,31017.1,729
2022-05-11,29103.94,730
2022-05-12,29029.75,731
2022-05-13,29287.05,732
2022-05-14,30086.74,733
2022-05-15,31328.89,734
2022-05-16,29874.01,735
2022-05-17,30444.93,736
2022-05-18,28715.32,737
2022-05-19,30319.23,738
2022-05-20,29201.01,739
2022-05-21,29445.06,740
2022-05-22,30293.94,741
2022-05-23,29109.15,742
2022-05-24,29654.58,743
2022-05-25,29542.15,744
2022-05-26,29201.35,745
2022-05-27,28629.8,746
2022-05-28,29031.33,747
2022-05-29,29468.1,748
2022-05-30,31734.22,749
2022-05-31,31801.04,750
2022-06-01,29805.83,751
2022-06-02,30452.62,752
2022-06-03,29700.21,753
2022-06-04,29864.04,754
2022-06-05,29919.21,755
2022-06-06,31373.1,756
2022-06-07,31125.33,757
2022-06-08,30204.77,758
2022-06-09,30109.93,759
2022-06-10,29091.88,760
2022-06-11,28424.7,761
2022-06-12,26574.53,762
2022-06-13,22487.41,763
2022-06-14,22136.41,764
2022-06-15,22583.72,765
2022-06-16,20401.31,766
2022-06-17,20468.81,767
2022-06-18,18970.79,768
2022-06-19,20574.0,769
2022-06-20,20573.89,770
2022-06-21,20723.52,771
2022-06-22,19987.99,772
2022-06-23,21110.13,773
2022-06-24,21237.69,774
2022-06-25,21491.19,775
2022-06-26,21038.07,776
2022-06-27,20742.56,777
2022-06-28,20281.29,778
2022-06-29,20123.01,779
2022-06-30,19942.21,780
2022-07-01,19279.8,781
2022-07-02,19252.81,782
2022-07-03,19315.83,783
2022-07-04,20236.71,784
2022-07-05,20175.83,785
2022-07-06,20564.51,786
2022-07-07,21624.98,787
2022-07-08,21594.75,788
2022-07-09,21591.83,789
2022-07-10,20862.47,790
2022-07-11,19963.61,791
2022-07-12,19328.75,792
2022-07-13,20234.87,793
2022-07-14,20588.84,794
2022-07-15,20830.04,795
2022-07-16,21195.6,796
2022-07-17,20798.16,797
2022-07-18,22432.58,798
2022-07-19,23396.62,799
2022-07-20,23223.3,800
2022-07-21,23152.19,801
2022-07-22,22684.83,802
2022-07-23,22451.07,803
2022-07-24,22579.68,804
2022-07-25,21310.9,805
2022-07-26,21254.67,806
2022-07-27,22952.45,807
2022-07-28,23842.93,808
2022-07-29,23773.75,809
2022-07-30,23643.51,810
2022-07-31,23293.32,811
2022-08-01,23268.01,812
2022-08-02,22987.79,813
2022-08-03,22818.37,814
2022-08-04,22622.98,815
2022-08-05,23312.42,816
2022-08-06,22954.21,817
2022-08-07,23174.39,818
2022-08-08,23810.0,819
2022-08-09,23149.95,820
2022-08-10,23954.05,821
2022-08-11,23934.39,822
2022-08-12,24403.68,823
2022-08-13,24441.38,824
2022-08-14,24305.24,825
2022-08-15,24094.82,826
2022-08-16,23854.74,827
2022-08-17,23342.66,828
2022-08-18,23191.2,829
2022-08-19,20834.39,830
2022-08-20,21140.07,831
2022-08-21,21515.61,832
2022-08-22,21399.83,833
2022-08-23,21529.12,834
2022-08-24,21368.08,835
2022-08-25,21559.04,836
2022-08-26,20241.05,837
2022-08-27,20037.6,838
2022-08-28,19555.61,839
2022-08-29,20285.73,840
2022-08-30,19811.66,841
2022-08-31,20050.02,842
2022-09-01,20131.46,843
2022-09-02,19951.86,844
2022-09-03,19831.9,845
2022-09-04,20000.3,846
2022-09-05,19796.84,847
2022-09-06,18790.61,848
2022-09-07,19292.84,849
2022-09-08,19319.77,850
2022-09-09,21360.11,851
2022-09-10,21648.34,852
2022-09-11,21826.87,853
2022-09-12,22395.74,854
2022-09-13,20173.57,855
2022-09-14,20226.71,856
2022-09-15,19701.88,857
2022-09-16,19803.3,858
2022-09-17,20113.62,859
2022-09-18,19416.18,860
2022-09-19,19537.02,861
2022-09-20,18875.0,862
2022-09-21,18461.36,863
2022-09-22,19401.63,864
2022-09-23,19289.91,865
2022-09-24,18920.5,866
2022-09-25,18807.38,867
2022-09-26,19227.82,868
2022-09-27,19079.13,869
2022-09-28,19412.82,870
2022-09-29,19591.51,871
2022-09-30,19422.61,872
2022-10-01,19310.95,873
2022-10-02,19056.8,874
2022-10-03,19629.08,875
2022-10-04,20337.82,876
2022-10-05,20158.26,877
2022-10-06,19960.67,878
2022-10-07,19530.09,879
2022-10-08,19417.96,880
2022-10-09,19439.02,881
2022-10-10,19131.87,882
2022-10-11,19060.0,883
2022-10-12,19155.53,884
2022-10-13,19375.13,885
2022-10-14,19176.93,886
2022-10-15,19069.39,887
2022-10-16,19262.98,888
2022-10-17,19549.86,889
2022-10-18,19327.44,890
2022-10-19,19123.97,891
2022-10-20,19041.92,892
2022-10-21,19164.37,893
2022-10-22,19204.35,894
2022-10-23,19570.4,895
2022-10-24,19329.72,896
2022-10-25,20080.07,897
2022-10-26,20771.59,898
2022-10-27,20295.11,899
2022-10-28,20591.84,900
2022-10-29,20809.67,901
2022-10-30,20627.48,902
2022-10-31,20490.74,903
2022-11-01,20483.62,904
2022-11-02,20151.84,905
2022-11-03,20207.82,906
2022-11-04,21148.52,907
2022-11-05,21299.37,908
2022-11-06,20905.58,909
2022-11-07,20591.13,910
2022-11-08,18547.23,911
2022-11-09,15922.81,912
2022-11-10,17601.15,913
2022-11-11,17070.31,914
2022-11-12,16812.08,915
2022-11-13,16329.85,916
2022-11-14,16619.46,917
2022-11-15,16900.57,918
2022-11-16,16662.76,919
2022-11-17,16692.56,920
2022-11-18,16700.45,921
2022-11-19,16700.68,922
2022-11-20,16280.23,923
2022-11-21,15781.29,924
2022-11-22,16226.94,925
2022-11-23,16603.11,926
2022-11-24,16598.95,927
2022-11-25,16522.14,928
2022-11-26,16458.57,929
2022-11-27,16428.78,930
2022-11-28,16212.91,931
2022-11-29,16442.53,932
2022-11-30,17163.64,933
2022-12-01,16977.37,934
2022-12-02,17092.74,935
2022-12-03,16885.2,936
2022-12-04,17105.7,937
2022-12-05,16966.35,938
2022-12-06,17088.96,939
2022-12-07,16836.64,940
2022-12-08,17224.1,941
2022-12-09,17128.56,942
2022-12-10,17127.49,943
2022-12-11,17085.05,944
2022-12-12,17209.83,945
2022-12-13,17774.7,946
2022-12-14,17803.15,947
2022-12-15,17356.34,948
2022-12-16,16632.12,949
2022-12-17,16776.52,950
2022-12-18,16738.21,951
2022-12-19,16438.88,952
2022-12-20,16895.56,953
2022-12-21,16824.67,954
2022-12-22,16821.43,955
2022-12-23,16778.5,956
2022-12-24,16836.12,957
2022-12-25,16832.11,958
2022-12-26,16919.39,959
2022-12-27,16706.36,960
2022-12-28,16547.31,961
2022-12-29,16633.47,962
2022-12-30,16607.48,963
2022-12-31,16542.4,964
2023-01-01,16616.75,965
2023-01-02,16672.87,966
2023-01-03,16675.18,967
2023-01-04,16850.36,968
2023-01-05,16831.85,969
2023-01-06,16950.65,970
2023-01-07,16943.57,971
2023-01-08,17127.83,972
2023-01-09,17178.26,973
2023-01-10,17440.66,974
2023-01-11,17943.26,975
2023-01-12,18846.62,976
2023-01-13,19930.01,977
2023-01-14,20954.92,978
2023-01-15,20871.5,979
2023-01-16,21185.65,980
2023-01-17,21134.81,981
2023-01-18,20677.47,982
2023-01-19,21071.59,983
2023-01-20,22667.21,984
2023-01-21,22783.55,985
2023-01-22,22707.88,986
2023-01-23,22916.45,987
2023-01-24,22632.89,988
2023-01-25,23060.94,989
2023-01-26,23009.65,990
2023-01-27,23074.16,991
2023-01-28,23022.6,992
2023-01-29,23742.3,993
2023-01-30,22826.15,994
2023-01-31,23125.13,995
2023-02-01,23732.66,996
2023-02-02,23488.94,997
2023-02-03,23431.9,998
2023-02-04,23326.84,999
2023-02-05,22932.91,1000
2023-02-06,22762.52,1001
2023-02-07,23240.46,1002
2023-02-08,22963.0,1003
2023-02-09,21796.35,1004
2023-02-10,21625.19,1005
2023-02-11,21862.55,1006
2023-02-12,21783.54,1007
2023-02-13,21773.97,1008
2023-02-14,22199.84,1009
2023-02-15,24324.05,1010
2023-02-16,23517.72,1011
2023-02-17,24569.97,1012
2023-02-18,24631.95,1013
2023-02-19,24271.76,1014
2023-02-20,24842.2,1015
2023-02-21,24452.16,1016
2023-02-22,24182.21,1017
2023-02-23,23940.2,1018
2023-02-24,23185.29,1019
2023-02-25,23157.07,1020
2023-02-26,23554.85,1021
2023-02-27,23492.09,1022
2023-02-28,23141.57,1023
2023-03-01,23628.97,1024
2023-03-02,23465.32,1025
2023-03-03,22354.34,1026
2023-03-04,22346.57,1027
2023-03-05,22430.24,1028
2023-03-06,22410.0,1029
2023-03-07,22197.96,1030
2023-03-08,21705.44,1031
2023-03-09,20362.22,1032
2023-03-10,20150.69,1033
2023-03-11,20455.73,1034
2023-03-12,21997.11,1035
2023-03-13,24113.48,1036
2023-03-14,24670.41,1037
2023-03-15,24285.66,1038
2023-03-16,24998.78,1039
2023-03-17,27395.13,1040
2023-03-18,26907.49,1041
2023-03-19,27972.87,1042
2023-03-20,27717.01,1043
2023-03-21,28105.47,1044
2023-03-22,27250.97,1045
2023-03-23,28295.41,1046
2023-03-24,27454.47,1047
2023-03-25,27462.95,1048
2023-03-26,27968.05,1049
2023-03-27,27124.91,1050
2023-03-28,27261.07,1051
2023-03-29,28348.6,1052
2023-03-30,28028.53,1053
2023-03-31,28465.36,1054
2023-04-01,28452.73,1055
2023-04-02,28171.87,1056
2023-04-03,27800.0,1057
2023-04-04,28165.47,1058
2023-04-05,28170.01,1059
2023-04-06,28033.82,1060
2023-04-07,27906.33,1061
2023-04-08,27938.38,1062
2023-04-09,28323.76,1063
2023-04-10,29637.34,1064
2023-04-11,30200.42,1065
2023-04-12,29888.07,1066
2023-04-13,30373.84,1067
2023-04-14,30466.93,1068
2023-04-15,30295.09,1069
2023-04-16,30304.65,1070
2023-04-17,29430.27,1071
2023-04-18,30380.01,1072
2023-04-19,28797.1,1073
2023-04-20,28243.65,1074
2023-04-21,27262.84,1075
2023-04-22,27816.85,1076
2023-04-23,27590.6,1077
2023-04-24,27510.93,1078
2023-04-25,28300.79,1079
2023-04-26,28415.29,1080
2023-04-27,29472.77,1081
2023-04-28,29311.7,1082
2023-04-29,29230.45,1083
2023-04-30,29233.21,1084
2023-05-01,28068.26,1085
2023-05-02,28669.86,1086
2023-05-03,29026.16,1087
2023-05-04,28838.16,1088
2023-05-05,29505.61,1089
2023-05-06,28848.2,1090
2023-05-07,28430.1,1091
2023-05-08,27668.79,1092
2023-05-09,27628.27,1093
2023-05-10,27598.75,1094
2023-05-11,26968.62,1095
2023-05-12,26795.01,1096
2023-05-13,26775.28,1097
2023-05-14,26917.62,1098
2023-05-15,27162.14,1099
2023-05-16,27033.84,1100
2023-05-17,27405.61,1101
2023-05-18,26821.28,1102
2023-05-19,26880.26,1103
2023-05-20,27102.43,1104
2023-05-21,26747.78,1105
2023-05-22,26849.27,1106
2023-05-23,27219.61,1107
2023-05-24,26329.01,1108
2023-05-25,26473.79,1109
2023-05-26,26705.92,1110
2023-05-27,26854.27,1111
2023-05-28,28065.0,1112
2023-05-29,27736.4,1113
2023-05-30,27694.4,1114
2023-05-31,27210.35,1115
2023-06-01,26817.93,1116
2023-06-02,27242.59,1117
2023-06-03,27069.22,1118
2023-06-04,27115.21,1119
2023-06-05,25728.2,1120
2023-06-06,27230.08,1121
2023-06-07,26339.34,1122
2023-06-08,26498.61,1123
2023-06-09,26477.81,1124
2023-06-10,25841.21,1125
2023-06-11,25925.55,1126
2023-06-12,25905.19,1127
2023-06-13,25934.25,1128
2023-06-14,25128.6,1129
2023-06-15,25598.49,1130
2023-06-16,26345.0,1131
2023-06-17,26516.99,1132
2023-06-18,26339.97,1133
2023-06-19,26844.35,1134
2023-06-20,28307.99,1135
2023-06-21,29993.89,1136
2023-06-22,29884.92,1137
2023-06-23,30688.5,1138
2023-06-24,30527.43,1139
2023-06-25,30462.66,1140
2023-06-26,30267.99,1141
2023-06-27,30692.44,1142
2023-06-28,30077.41,1143
2023-06-29,30447.31,1144
2023-06-30,30472.0,1145
2023-07-01,30585.9,1146
2023-07-02,30617.03,1147
2023-07-03,31156.2,1148
2023-07-04,30766.51,1149
2023-07-05,30504.81,1150
2023-07-06,29895.43,1151
2023-07-07,30344.7,1152
2023-07-08,30284.63,1153
2023-07-09,30160.71,1154
2023-07-10,30411.57,1155
2023-07-11,30622.1,1156
2023-07-12,30380.0,1157
2023-07-13,31454.23,1158
2023-07-14,30312.01,1159
2023-07-15,30289.52,1160
2023-07-16,30231.99,1161
2023-07-17,30138.0,1162
2023-07-18,29859.13,1163
2023-07-19,29909.21,1164
2023-07-20,29800.0,1165
2023-07-21,29901.72,1166
2023-07-22,29794.0,1167
2023-07-23,30083.75,1168
2023-07-24,29176.5,1169
2023-07-25,29228.91,1170
2023-07-26,29351.96,1171
2023-07-27,29222.78,1172
2023-07-28,29314.14,1173
2023-07-29,29352.9,1174
2023-07-30,29281.09,1175
2023-07-31,29232.25,1176
2023-08-01,29705.99,1177
2023-08-02,29186.01,1178
2023-08-03,29193.64,1179
2023-08-04,29113.99,1180
2023-08-05,29072.13,1181
2023-08-06,29088.42,1182
2023-08-07,29211.06,1183
2023-08-08,29770.42,1184
2023-08-09,29581.99,1185
2023-08-10,29455.75,1186
2023-08-11,29426.03,1187
2023-08-12,29430.17,1188
2023-08-13,29303.84,1189
2023-08-14,29430.93,1190
2023-08-15,29200.0,1191
2023-08-16,28730.51,1192
2023-08-17,26623.41,1193
2023-08-18,26054.0,1194
2023-08-19,26100.01,1195
2023-08-20,26189.99,1196
2023-08-21,26126.92,1197
2023-08-22,26056.0,1198
2023-08-23,26432.72,1199
2023-08-24,26180.05,1200
2023-08-25,26060.01,1201
2023-08-26,26017.37,1202
2023-08-27,26101.77,1203
2023-08-28,26120.0,1204
2023-08-29,27716.34,1205
2023-08-30,27299.99,1206
2023-08-31,25940.78,1207
2023-09-01,25805.05,1208
2023-09-02,25869.51,1209
2023-09-03,25971.21,1210
2023-09-04,25826.02,1211
2023-09-05,25792.1,1212
2023-09-06,25759.95,1213
2023-09-07,26255.0,1214
2023-09-08,25910.5,1215
2023-09-09,25901.61,1216
2023-09-10,25841.61,1217
2023-09-11,25162.52,1218
2023-09-12,25840.1,1219
2023-09-13,26222.0,1220
2023-09-14,26522.73,1221
2023-09-15,26600.0,1222
2023-09-16,26559.67,1223
2023-09-17,26527.51,1224
2023-09-18,26762.51,1225
2023-09-19,27210.26,1226
2023-09-20,27125.0,1227
2023-09-21,26568.08,1228
2023-09-22,26580.14,1229
2023-09-23,26575.96,1230
2023-09-24,26248.38,1231
2023-09-25,26304.81,1232
2023-09-26,26221.67,1233
2023-09-27,26372.99,1234
2023-09-28,27021.39,1235
2023-09-29,26906.96,1236
2023-09-30,26962.56,1237
2023-10-01,27992.57,1238
2023-10-02,27494.51,1239
2023-10-03,27426.46,1240
2023-10-04,27778.57,1241
2023-10-05,27410.39,1242
2023-10-06,27931.09,1243
2023-10-07,27956.67,1244
2023-10-08,27917.05,1245
2023-10-09,27590.12,1246
2023-10-10,27390.12,1247
2023-10-11,26875.52,1248
2023-10-12,26759.63,1249
2023-10-13,26862.0,1250
2023-10-14,26852.48,1251
2023-10-15,27154.15,1252
2023-10-16,28500.78,1253
2023-10-17,28395.91,1254
2023-10-18,28320.0,1255
2023-10-19,28713.71,1256
2023-10-20,29669.04,1257
2023-10-21,29909.8,1258
2023-10-22,29992.46,1259
2023-10-23,33069.99,1260
2023-10-24,33922.73,1261
2023-10-25,34496.05,1262
2023-10-26,34151.66,1263
2023-10-27,33892.02,1264
2023-10-28,34081.0,1265
2023-10-29,34525.89,1266
2023-10-30,34474.73,1267
2023-10-31,34639.77,1268
2023-11-01,35421.43,1269
2023-11-02,34941.59,1270
2023-11-03,34716.78,1271
2023-11-04,35062.07,1272
2023-11-05,35011.88,1273
2023-11-06,35046.09,1274
2023-11-07,35399.12,1275
2023-11-08,35624.72,1276
2023-11-09,36701.09,1277
2023-11-10,37301.63,1278
2023-11-11,37130.0,1279
2023-11-12,37064.13,1280
2023-11-13,36462.93,1281
2023-11-14,35551.19,1282
2023-11-15,37858.2,1283
2023-11-16,36163.51,1284
2023-11-17,36613.92,1285
2023-11-18,36568.1,1286
2023-11-19,37359.86,1287
2023-11-20,37448.78,1288
2023-11-21,35741.65,1289
2023-11-22,37408.34,1290
2023-11-23,37294.28,1291
2023-11-24,37713.57,1292
2023-11-25,37780.67,1293
2023-11-26,37447.43,1294
2023-11-27,37242.7,1295
2023-11-28,37818.87,1296
2023-11-29,37854.64,1297
2023-11-30,37723.96,1298
2023-12-01,38682.52,1299
2023-12-02,39450.35,1300
2023-12-03,39972.26,1301
2023-12-04,41991.1,1302
2023-12-05,44073.32,1303
2023-12-06,43762.69,1304
2023-12-07,43273.14,1305
2023-12-08,44170.99,1306
2023-12-09,43713.6,1307
2023-12-10,43789.51,1308
2023-12-11,41253.4,1309
2023-12-12,41492.39,1310
2023-12-13,42869.03,1311
2023-12-14,43022.26,1312
2023-12-15,41940.3,1313
2023-12-16,42278.03,1314
2023-12-17,41374.65,1315
2023-12-18,42657.8,1316
2023-12-19,42275.99,1317
2023-12-20,43668.93,1318
2023-12-21,43861.8,1319
2023-12-22,43969.04,1320
2023-12-23,43702.16,1321
2023-12-24,42991.5,1322
2023-12-25,43576.13,1323
2023-12-26,42508.93,1324
2023-12-27,43428.85,1325
2023-12-28,42563.76,1326
2023-12-29,42066.95,1327
2023-12-30,42140.28,1328
2023-12-31,42283.58,1329
2024-01-01,44179.55,1330
2024-01-02,44946.91,1331
2024-01-03,42845.23,1332
2024-01-04,44151.1,1333
2024-01-05,44145.11,1334
2024-01-06,43968.32,1335
2024-01-07,43929.02,1336
2024-01-08,46951.04,1337
2024-01-09,46110.0,1338
2024-01-10,46653.99,1339
2024-01-11,46339.16,1340
2024-01-12,42782.73,1341
2024-01-13,42847.99,1342
2024-01-14,41732.35,1343
2024-01-15,42511.1,1344
2024-01-16,43137.95,1345
2024-01-17,42776.1,1346
2024-01-18,41327.5,1347
2024-01-19,41659.03,1348
2024-01-20,41696.04,1349
2024-01-21,41580.33,1350
2024-01-22,39568.02,1351
2024-01-23,39897.6,1352
2024-01-24,40084.88,1353
2024-01-25,39961.09,1354
2024-01-26,41823.51,1355
2024-01-27,42120.63,1356
2024-01-28,42031.06,1357
2024-01-29,43302.7,1358
2024-01-30,42941.1,1359
2024-01-31,42580.0,1360
2024-02-01,43082.94,1361
2024-02-02,43200.0,1362
2024-02-03,43011.09,1363
2024-02-04,42582.88,1364
2024-02-05,42708.7,1365
2024-02-06,43098.95,1366
2024-02-07,44349.6,1367
2024-02-08,45288.65,1368
2024-02-09,47132.77,1369
2024-02-10,47751.09,1370
2024-02-11,48299.99,1371
2024-02-12,49917.27,1372
2024-02-13,49699.59,1373
2024-02-14,51795.17,1374
2024-02-15,51880.0,1375
2024-02-16,52124.11,1376
2024-02-17,51642.64,1377
2024-02-18,52137.67,1378
2024-02-19,51774.73,1379
2024-02-20,52258.82,1380
2024-02-21,51849.39,1381
2024-02-22,51288.42,1382
2024-02-23,50744.15,1383
2024-02-24,51568.22,1384
2024-02-25,51728.85,1385
2024-02-26,54476.47,1386
2024-02-27,57037.34,1387
2024-02-28,62432.1,1388
2024-02-29,61130.98,1389
2024-03-01,62387.9,1390
2024-03-02,61987.28,1391
2024-03-03,63113.97,1392
2024-03-04,68245.71,1393
2024-03-05,63724.01,1394
2024-03-06,66074.04,1395
2024-03-07,66823.17,1396
2024-03-08,68124.19,1397
2024-03-09,68313.27,1398
2024-03-10,68955.88,1399
2024-03-11,72078.1,1400
2024-03-12,71452.01,1401
2024-03-13,73072.41,1402
2024-03-14,71388.94,1403
2024-03-15,69499.85,1404
2024-03-16,65300.63,1405
2024-03-17,68393.48,1406
2024-03-18,67609.99,1407
2024-03-19,61937.4,1408
2024-03-20,67840.51,1409
2024-03-21,65501.27,1410
2024-03-22,63796.64,1411
2024-03-23,63990.01,1412
2024-03-24,67209.99,1413
2024-03-25,69880.01,1414
2024-03-26,69988.0,1415
2024-03-27,69469.99,1416
2024-03-28,70780.6,1417
2024-03-29,69850.54,1418
2024-03-30,69582.18,1419
2024-03-31,71280.01,1420
2024-04-01,69649.8,1421
2024-04-02,65463.99,1422
2024-04-03,65963.28,1423
2024-04-04,68487.79,1424
2024-04-05,67820.62,1425
2024-04-06,68896.0,1426
2024-04-07,69360.39,1427
2024-04-08,71620.0,1428
2024-04-09,69146.0,1429
2024-04-10,70631.08,1430
2024-04-11,70006.23,1431
2024-04-12,67116.52,1432
2024-04-13,63924.51,1433
2024-04-14,65661.84,1434
2024-04-15,63419.99,1435
2024-04-16,63793.39,1436
2024-04-17,61277.37,1437
2024-04-18,63470.08,1438
2024-04-19,63818.01,1439
2024-04-20,64940.59,0
2024-04-21,64941.15,1
2024-04-22,66819.32,2
2024-04-23,66414.0,3
2024-04-24,64289.59,4
2024-04-25,64498.34,5
2024-04-26,63770.01,6
2024-04-27,63461.98,7
2024-04-28,63118.62,8
2024-04-29,63866.0,9
2024-04-30,60672.0,10
2024-05-01,58364.97,11
2024-05-02,59060.61,12
2024-05-03,62882.01,13
2024-05-04,63892.04,14
2024-05-05,64012.0,15
2024-05-06,63165.19,16
2024-05-07,62312.08,17
2024-05-08,61193.03,18
2024-05-09,63074.01,19
2024-05-10,60799.99,20
2024-05-11,60825.99,21
2024-05-12,61483.99,22
2024-05-13,62940.08,23
2024-05-14,61577.49,24
2024-05-15,66206.5,25
2024-05-16,65235.21,26
2024-05-17,67024.0,27
2024-05-18,66915.2,28
2024-05-19,66274.01,29
2024-05-20,71446.62,30
2024-05-21,70148.34,31
2024-05-22,69166.62,32
2024-05-23,67969.65,33
2024-05-24,68549.99,34
2024-05-25,69290.57,35
2024-05-26,68507.67,36
2024-05-27,69436.43,37
2024-05-28,68398.39,38
2024-05-29,67652.42,39
2024-05-30,68352.17,40
2024-05-31,67540.01,41
2024-06-01,67766.85,42
2024-06-02,67765.63,43
2024-06-03,68809.9,44
2024-06-04,70537.84,45
2024-06-05,71108.0,46
2024-06-06,70799.06,47
2024-06-07,69355.6,48
2024-06-08,69310.46,49
2024-06-09,69648.14,50
2024-06-10,69540.0,51
2024-06-11,67314.24,52
2024-06-12,68263.99,53
2024-06-13,66773.01,54
2024-06-14,66043.99,55
2024-06-15,66228.25,56
2024-06-16,66676.87,57
2024-06-17,66504.33,58
2024-06-18,65175.32,59
2024-06-19,64974.37,60
2024-06-20,64869.99,61
2024-06-21,64143.56,62
2024-06-22,64262.01,63
2024-06-23,63210.01,64
2024-06-24,60293.3,65
2024-06-25,61806.01,66
2024-06-26,60864.99,67
2024-06-27,61706.47,68
2024-06-28,60427.84,69
2024-06-29,60986.68,70
2024-06-30,62772.01,71
2024-07-01,62899.99,72
2024-07-02,62135.47,73
2024-07-03,60208.58,74
2024-07-04,57050.01,75
2024-07-05,56628.79,76
2024-07-06,58230.13,77
2024-07-07,55857.81,78
2024-07-08,56714.62,79
2024-07-09,58050.0,80
2024-07-10,57725.85,81
2024-07-11,57339.89,82
2024-07-12,57889.1,83
2024-07-13,59204.02,84
2024-07-14,60797.91,85
2024-07-15,64724.14,86
2024-07-16,65043.99,87
2024-07-17,64087.99,88
2024-07-18,63987.92,89
2024-07-19,66660.0,90
2024-07-20,67139.96,91
2024-07-21,68165.34,92
2024-07-22,67532.01,93
2024-07-23,65936.01,94
2024-07-24,65376.0,95
2024-07-25,65799.95,96
2024-07-26,67907.99,97
2024-07-27,67896.5,98
2024-07-28,68249.88,99
2024-07-29,66784.69,100
2024-07-30,66188.0,101
2024-07-31,64628.0,102
2024-08-01,65354.02,103
2024-08-02,61498.33,104
2024-08-03,60697.99,105
2024-08-04,58161.0,106
2024-08-05,54018.81,107
2024-08-06,56022.01,108
2024-08-07,55134.16,109
2024-08-08,61685.99,110
2024-08-09,60837.99,111
2024-08-10,60923.51,112
2024-08-11,58712.59,113
2024-08-12,59346.64,114
2024-08-13,60587.15,115
2024-08-14,58683.39,116
2024-08-15,57541.06,117
2024-08-16,58874.6,118
2024-08-17,59491.99,119
2024-08-18,58427.35,120
2024-08-19,59438.5,121
2024-08-20,59013.8,122
2024-08-21,61156.03,123
2024-08-22,60375.84,124
2024-08-23,64037.24,125
2024-08-24,64157.01,126
2024-08-25,64220.0,127
2024-08-26,62834.0,128
2024-08-27,59415.0,129
2024-08-28,59034.9,130
2024-08-29,59359.01,131
2024-08-30,59123.99,132
2024-08-31,58973.99,133
2024-09-01,57301.86,134
2024-09-02,59132.13,135
2024-09-03,57487.73,136
2024-09-04,57970.9,137
2024-09-05,56180.0,138
2024-09-06,53962.97,139
2024-09-07,54160.86,140
2024-09-08,54869.95,141
2024-09-09,57042.0,142
2024-09-10,57635.99,143
2024-09-11,57338.0,144
2024-09-12,58132.32,145
2024-09-13,60498.0,146
2024-09-14,59993.03,147
2024-09-15,59132.0,148
2024-09-16,58213.99,149
2024-09-17,60313.99,150
2024-09-18,61759.99,151
2024-09-19,62947.99,152
2024-09-20,63201.05,153
2024-09-21,63348.96,154
2024-09-22,63578.76,155
2024-09-23,63339.99,156
2024-09-24,64262.7,157
2024-09-25,63152.01,158
2024-09-26,65173.99,159
2024-09-27,65769.95,160
2024-09-28,65858.0,161
2024-09-29,65602.01,162
2024-09-30,63327.59,163
2024-10-01,60805.78,164
2024-10-02,60649.28,165
2024-10-03,60752.71,166
2024-10-04,62086.0,167
2024-10-05,62058.0,168
2024-10-06,62819.91,169
2024-10-07,62224.0,170
2024-10-08,62160.49,171
2024-10-09,60636.02,172
2024-10-10,60326.39,173
2024-10-11,62540.0,174
2024-10-12,63206.22,175
2024-10-13,62870.02,176
2024-10-14,66083.99,177
2024-10-15,67074.14,178
2024-10-16,67620.01,179
2024-10-17,67421.78,180
2024-10-18,68428.0,181
2024-10-19,68378.0,182
2024-10-20,69031.99,183
2024-10-21,67377.5,184
2024-10-22,67426.0,185
2024-10-23,66668.65,186
2024-10-24,68198.28,187
2024-10-25,66698.33,188
2024-10-26,67092.76,189
2024-10-27,68021.7,190
2024-10-28,69962.21,191
2024-10-29,72736.42,192
2024-10-30,72344.74,193
2024-10-31,70292.01,194
2024-11-01,69496.01,195
2024-11-02,69374.74,196
2024-11-03,68775.99,197
2024-11-04,67850.01,198
2024-11-05,69372.01,199
2024-11-06,75571.99,200
2024-11-07,75857.89,201
2024-11-08,76509.78,202
2024-11-09,76677.46,203
2024-11-10,80370.01,204
2024-11-11,88647.99,205
2024-11-12,87952.01,206
2024-11-13,90375.2,207
2024-11-14,87325.59,208
2024-11-15,91032.07,209
2024-11-16,90586.92,210
2024-11-17,89855.99,211
2024-11-18,90464.08,212
2024-11-19,92310.79,213
2024-11-20,94286.56,214
2024-11-21,98317.12,215
2024-11-22,98892.0,216
2024-11-23,97672.4,217
2024-11-24,97900.04,218
2024-11-25,93010.01,219
2024-11-26,91965.16,220
2024-11-27,95863.11,221
2024-11-28,95643.98,222
2024-11-29,97460.0,223
2024-11-30,96407.99,224
2024-12-01,97185.18,225
2024-12-02,95840.62,226
2024-12-03,95849.69,227
2024-12-04,98587.32,228
2024-12-05,96945.63,229
2024-12-06,99740.84,230
2024-12-07,99831.99,231
2024-12-08,101109.59,232
2024-12-09,97276.47,233
2024-12-10,96593.0,234
2024-12-11,101125.0,235
2024-12-12,100004.29,236
2024-12-13,101424.25,237
2024-12-14,101420.0,238
2024-12-15,104463.99,239
2024-12-16,106058.66,240
2024-12-17,106133.74,241
2024-12-18,100204.01,242
2024-12-19,97461.86,243
2024-12-20,97805.44,244
2024-12-21,97291.99,245
2024-12-22,95186.27,246
2024-12-23,94881.47,247
2024-12-24,98663.58,248
2024-12-25,99429.6,249
2024-12-26,95791.6,250
2024-12-27,94299.03,251
2024-12-28,95300.0,252
2024-12-29,93738.2,253
2024-12-30,92792.05,254
2024-12-31,93576.0,255
2025-01-01,94591.79,256
2025-01-02,96984.79,257
2025-01-03,98174.18,258
2025-01-04,98220.5,259
2025-01-05,98363.61,260
2025-01-06,102235.6,261
2025-01-07,96954.61,262
2025-01-08,95060.61,263
2025-01-09,92552.49,264
2025-01-10,94726.11,265
2025-01-11,94599.99,266
2025-01-12,94545.06,267
2025-01-13,94536.1,268
2025-01-14,96560.86,269
2025-01-15,100497.35,270
2025-01-16,99987.3,271
2025-01-17,104077.48,272
2025-01-18,104556.23,273
2025-01-19,101331.57,274
2025-01-20,102260.01,275
2025-01-21,106143.82,276
2025-01-22,103706.66,277
2025-01-23,103910.34,278
2025-01-24,104870.5,279
2025-01-25,104746.85,280
2025-01-26,102620.0,281
2025-01-27,102082.83,282
2025-01-28,101335.52,283
2025-01-29,103733.24,284
2025-01-30,104722.94,285
2025-01-31,102429.56,286
2025-02-01,100635.65,287
2025-02-02,97700.59,288
2025-02-03,101328.52,289
2025-02-04,97763.13,290
2025-02-05,96612.43,291
2025-02-06,96554.35,292
2025-02-07,96506.8,293
2025-02-08,96444.74,294
2025-02-09,96462.75,295
2025-02-10,97430.82,296
2025-02-11,95778.2,297
2025-02-12,97869.99,298
2025-02-13,96608.14,299
2025-02-14,97500.48,300
2025-02-15,97569.66,301
2025-02-16,96118.12,302
2025-02-17,95780.0,303
2025-02-18,95671.74,304
2025-02-19,96644.37,305
2025-02-20,98305.0,306
2025-02-21,96181.98,307
2025-02-22,96551.01,308
2025-02-23,96258.0,309
2025-02-24,91552.88,310
2025-02-25,88680.4,311
2025-02-26,84250.09,312
2025-02-27,84708.58,313
2025-02-28,84349.94,314
2025-03-01,86064.53,315
2025-03-02,94270.0,316
2025-03-03,86220.61,317
2025-03-04,87281.98,318
2025-03-05,90606.01,319
2025-03-06,89931.89,320
2025-03-07,86801.75,321
2025-03-08,86222.45,322
2025-03-09,80734.37,323
2025-03-10,78595.86,324
2025-03-11,82932.99,325
2025-03-12,83680.12,326
2025-03-13,81115.78,327
2025-03-14,83983.2,328
2025-03-15,84338.44,329
2025-03-16,82574.53,330
2025-03-17,84010.03,331
2025-03-18,82715.03,332
2025-03-19,86845.94,333
2025-03-20,84223.39,334
2025-03-21,84088.79,335
2025-03-22,83840.59,336
2025-03-23,86082.5,337
2025-03-24,87498.16,338
2025-03-25,87392.87,339
2025-03-26,86909.17,340
2025-03-27,87232.01,341
2025-03-28,84424.38,342
2025-03-29,82648.54,343
2025-03-30,82389.99,344
2025-03-31,82550.01,345
2025-04-01,85158.34,346
2025-04-02,82516.29,347
2025-04-03,83213.09,348
2025-04-04,83889.87,349
2025-04-05,83537.99,350
2025-04-06,78430.0,351
2025-04-07,79163.24,352
2025-04-08,76322.42,353
2025-04-09,82615.22,354
2025-04-10,79607.3,355
2025-04-11,83423.84,356
2025-04-12,85276.9,357
2025-04-13,83760.0,358
2025-04-14,84591.58,359
2025-04-15,83643.99,360
2025-04-16,84030.38,361
2025-04-17,84947.91,362
2025-04-18,84474.69,363
2025-04-19,85077.01,364
2025-04-20,85179.24,365
2025-04-21,87516.23,366
2025-04-22,93442.99,367
2025-04-23,93691.08,368
2025-04-24,93980.47,369
2025-04-25,94638.68,370
2025-04-26,94628.0,371
2025-04-27,93749.3,372
2025-04-28,95011.18,373
2025-04-29,94256.82,374
2025-04-30,94172.0,375
2025-05-01,96489.91,376
2025-05-02,96887.14,377
2025-05-03,95856.42,378
2025-05-04,94277.62,379
2025-05-05,94733.68,380
2025-05-06,96834.02,381
2025-05-07,97030.5,382
2025-05-08,103261.6,383
2025-05-09,102971.99,384
2025-05-10,104809.53,385
2025-05-11,104118.0,386
2025-05-12,102791.32,387
2025-05-13,104103.72,388
2025-05-14,103507.82,389
2025-05-15,103763.71,390
2025-05-16,103463.9,391
2025-05-17,103126.65,392
2025-05-18,106454.26,393
2025-05-19,105573.74,394
2025-05-20,106849.99,395
2025-05-21,109643.99,396
2025-05-22,111696.21,397
2025-05-23,107318.3,398
2025-05-24,107761.91,399
2025-05-25,109004.19,400
2025-05-26,109434.79,401
2025-05-27,108938.17,402
2025-05-28,107781.78,403
2025-05-29,105589.75,404
2025-05-30,103985.48,405
2025-05-31,104591.88,406
2025-06-01,105642.93,407
2025-06-02,105857.99,408
2025-06-03,105376.89,409
2025-06-04,104696.86,410
2025-06-05,101508.68,411
2025-06-06,104288.44,412
2025-06-07,105552.15,413
2025-06-08,105734.0,414
2025-06-09,110263.02,415
2025-06-10,110274.39,416
2025-06-11,108645.12,417
2025-06-12,105671.73,418
2025-06-13,106066.59,419
2025-06-14,105414.64,420
2025-06-15,105594.01,421
2025-06-16,106794.53,422
2025-06-17,104551.17,423
2025-06-18,104886.78,424
2025-06-19,104658.59,425
2025-06-20,103297.99,426
2025-06-21,102120.01,427
2025-06-22,100963.87,428
2025-06-23,105333.93,429
2025-06-24,106083.0,430
2025-06-25,107340.58,431
2025-06-26,106947.06,432
2025-06-27,107047.59,433
2025-06-28,107296.79,434
2025-06-29,108356.93,435
2025-06-30,107146.5,436
2025-07-01,105681.14,437
2025-07-02,108849.6,438
2025-07-03,109584.78,439
2025-07-04,107984.24,440
2025-07-05,108198.12,441
2025-07-06,109203.84,442
2025-07-07,108262.94,443
2025-07-08,108922.98,444
2025-07-09,111233.99,445
2025-07-10,116010.0,446
2025-07-11,117527.66,447
2025-07-12,117420.0,448
2025-07-13,119086.64,449
2025-07-14,119841.18,450
2025-07-15,117758.09,451
2025-07-16,118630.43,452
2025-07-17,119177.56,453
2025-07-18,117924.84,454
2025-07-19,117840.0,455
2025-07-20,117265.12,456
2025-07-21,117380.36,457
2025-07-22,119954.42,458
2025-07-23,118755.99,459
2025-07-24,118340.99,460
2025-07-25,117614.31,461
2025-07-26,117919.99,462
2025-07-27,119415.55,463
2025-07-28,118062.32,464
2025-07-29,117950.76,465
2025-07-30,117840.3,466
2025-07-31,115764.08,467
2025-08-01,113297.93,468
2025-08-02,112546.35,469
2025-08-03,114208.8,470
2025-08-04,115055.03,471
2025-08-05,114129.75,472
2025-08-06,114992.27,473
2025-08-07,117472.01,474
2025-08-08,116674.74,475
2025-08-09,116462.25,476
2025-08-10,118615.29,477
